R,G,B,cebolla,manzana,limon,zanahoria
119,99,155,0,0,1,0
93,99,161,0,0,1,0
94,98,152,0,0,1,0
93,102,156,0,0,1,0
91,100,156,0,0,1,0
93,99,162,0,0,1,0
92,101,154,0,0,1,0
91,92,147,0,0,1,0
92,98,155,0,0,1,0
92,99,154,0,0,1,0
92,100,151,0,0,1,0
92,98,155,0,0,1,0
86,103,148,0,0,1,0
93,99,155,0,0,1,0
92,99,154,0,0,1,0
92,93,148,0,0,1,0
92,98,154,0,0,1,0
87,101,154,0,0,1,0
92,98,151,0,0,1,0
91,102,160,0,0,1,0
93,98,162,0,0,1,0
93,103,155,0,0,1,0
93,98,155,0,0,1,0
93,101,152,0,0,1,0
93,99,155,0,0,1,0
92,98,156,0,0,1,0
93,99,158,0,0,1,0
91,97,150,0,0,1,0
91,102,151,0,0,1,0
93,99,151,0,0,1,0
91,102,154,0,0,1,0
92,102,151,0,0,1,0
92,98,155,0,0,1,0
92,94,154,0,0,1,0
91,97,158,0,0,1,0
92,97,162,0,0,1,0
91,97,157,0,0,1,0
93,101,155,0,0,1,0
93,99,156,0,0,1,0
91,102,146,0,0,1,0
92,101,151,0,0,1,0
92,91,157,0,0,1,0
92,97,151,0,0,1,0
91,96,160,0,0,1,0
91,96,160,0,0,1,0
85,97,158,0,0,1,0
93,93,148,0,0,1,0
93,100,158,0,0,1,0
93,97,157,0,0,1,0
92,101,147,0,0,1,0
93,99,157,0,0,1,0
92,98,156,0,0,1,0
92,98,158,0,0,1,0
94,99,149,0,0,1,0
92,98,156,0,0,1,0
88,101,153,0,0,1,0
94,99,156,0,0,1,0
92,97,159,0,0,1,0
85,101,145,0,0,1,0
92,100,159,0,0,1,0
92,102,162,0,0,1,0
93,100,155,0,0,1,0
93,99,158,0,0,1,0
92,94,149,0,0,1,0
91,98,156,0,0,1,0
95,99,156,0,0,1,0
88,96,147,0,0,1,0
93,99,154,0,0,1,0
87,103,149,0,0,1,0
91,98,157,0,0,1,0
92,99,155,0,0,1,0
94,94,148,0,0,1,0
92,100,157,0,0,1,0
87,99,155,0,0,1,0
93,101,156,0,0,1,0
92,100,155,0,0,1,0
92,92,157,0,0,1,0
94,101,156,0,0,1,0
94,98,158,0,0,1,0
91,98,158,0,0,1,0
94,95,157,0,0,1,0
92,100,157,0,0,1,0
86,99,156,0,0,1,0
92,102,159,0,0,1,0
92,101,158,0,0,1,0
91,100,152,0,0,1,0
92,102,154,0,0,1,0
91,92,157,0,0,1,0
92,99,154,0,0,1,0
94,100,159,0,0,1,0
92,98,151,0,0,1,0
92,98,158,0,0,1,0
94,102,157,0,0,1,0
92,94,151,0,0,1,0
93,101,157,0,0,1,0
93,102,155,0,0,1,0
92,100,157,0,0,1,0
93,100,159,0,0,1,0
94,102,158,0,0,1,0
92,102,162,0,0,1,0
92,98,158,0,0,1,0
87,101,160,0,0,1,0
93,95,150,0,0,1,0
91,99,157,0,0,1,0
86,102,158,0,0,1,0
94,101,159,0,0,1,0
92,101,157,0,0,1,0
92,103,151,0,0,1,0
92,102,157,0,0,1,0
94,96,148,0,0,1,0
93,102,157,0,0,1,0
95,99,154,0,0,1,0
91,100,156,0,0,1,0
92,102,158,0,0,1,0
92,94,150,0,0,1,0
94,100,159,0,0,1,0
94,98,155,0,0,1,0
93,100,159,0,0,1,0
94,100,151,0,0,1,0
91,103,156,0,0,1,0
94,95,157,0,0,1,0
93,101,157,0,0,1,0
93,103,156,0,0,1,0
93,100,156,0,0,1,0
93,101,157,0,0,1,0
87,97,154,0,0,1,0
91,100,161,0,0,1,0
94,100,158,0,0,1,0
91,101,150,0,0,1,0
92,98,154,0,0,1,0
92,101,152,0,0,1,0
92,103,157,0,0,1,0
92,95,156,0,0,1,0
92,100,158,0,0,1,0
91,102,159,0,0,1,0
94,101,158,0,0,1,0
94,101,158,0,0,1,0
87,103,157,0,0,1,0
93,101,159,0,0,1,0
93,102,158,0,0,1,0
94,97,149,0,0,1,0
93,101,156,0,0,1,0
94,100,156,0,0,1,0
93,98,149,0,0,1,0
93,101,159,0,0,1,0
92,97,155,0,0,1,0
93,98,155,0,0,1,0
92,102,156,0,0,1,0
93,97,156,0,0,1,0
92,99,155,0,0,1,0
92,102,156,0,0,1,0
92,101,158,0,0,1,0
92,98,155,0,0,1,0
93,96,149,0,0,1,0
93,102,157,0,0,1,0
86,98,154,0,0,1,0
93,96,152,0,0,1,0
92,96,155,0,0,1,0
92,99,155,0,0,1,0
92,96,151,0,0,1,0
92,96,154,0,0,1,0
88,100,156,0,0,1,0
91,97,158,0,0,1,0
92,103,157,0,0,1,0
92,101,150,0,0,1,0
93,97,156,0,0,1,0
87,98,156,0,0,1,0
92,99,150,0,0,1,0
91,102,158,0,0,1,0
93,97,158,0,0,1,0
94,99,154,0,0,1,0
92,96,156,0,0,1,0
93,97,156,0,0,1,0
93,101,155,0,0,1,0
93,97,159,0,0,1,0
93,98,155,0,0,1,0
93,94,148,0,0,1,0
91,97,157,0,0,1,0
88,98,155,0,0,1,0
94,93,148,0,0,1,0
94,98,156,0,0,1,0
95,99,154,0,0,1,0
93,98,155,0,0,1,0
92,98,156,0,0,1,0
93,99,156,0,0,1,0
92,95,148,0,0,1,0
94,97,156,0,0,1,0
92,98,155,0,0,1,0
92,99,149,0,0,1,0
91,98,156,0,0,1,0
87,98,155,0,0,1,0
92,99,154,0,0,1,0
92,99,156,0,0,1,0
93,92,155,0,0,1,0
94,99,153,0,0,1,0
93,98,155,0,0,1,0
88,99,154,0,0,1,0
93,102,153,0,0,1,0
93,99,154,0,0,1,0
94,101,154,0,0,1,0
93,102,154,0,0,1,0
92,101,155,0,0,1,0
95,101,156,0,0,1,0
94,96,147,0,0,1,0
92,99,155,0,0,1,0
95,99,157,0,0,1,0
92,99,153,0,0,1,0
93,100,156,0,0,1,0
93,99,148,0,0,1,0
94,101,155,0,0,1,0
93,99,155,0,0,1,0
94,99,151,0,0,1,0
93,101,155,0,0,1,0
87,98,156,0,0,1,0
94,99,148,0,0,1,0
94,101,155,0,0,1,0
87,99,155,0,0,1,0
93,100,150,0,0,1,0
94,102,155,0,0,1,0
94,99,155,0,0,1,0
93,100,157,0,0,1,0
92,100,157,0,0,1,0
94,99,155,0,0,1,0
94,100,156,0,0,1,0
92,101,156,0,0,1,0
92,100,152,0,0,1,0
92,100,157,0,0,1,0
92,94,149,0,0,1,0
92,99,156,0,0,1,0
94,100,157,0,0,1,0
93,101,150,0,0,1,0
93,100,157,0,0,1,0
88,101,158,0,0,1,0
93,101,157,0,0,1,0
93,100,156,0,0,1,0
94,101,149,0,0,1,0
92,101,155,0,0,1,0
92,94,149,0,0,1,0
93,101,155,0,0,1,0
93,100,147,0,0,1,0
92,102,156,0,0,1,0
93,94,148,0,0,1,0
93,103,154,0,0,1,0
93,95,151,0,0,1,0
93,100,157,0,0,1,0
87,101,156,0,0,1,0
93,100,160,0,0,1,0
94,100,156,0,0,1,0
93,102,150,0,0,1,0
93,100,159,0,0,1,0
88,100,157,0,0,1,0
93,103,156,0,0,1,0
93,101,158,0,0,1,0
93,100,156,0,0,1,0
93,102,155,0,0,1,0
94,94,151,0,0,1,0
93,100,157,0,0,1,0
94,102,155,0,0,1,0
93,100,159,0,0,1,0
93,103,154,0,0,1,0
93,102,150,0,0,1,0
94,100,158,0,0,1,0
93,100,157,0,0,1,0
93,102,156,0,0,1,0
94,100,160,0,0,1,0
94,97,154,0,0,1,0
94,98,153,0,0,1,0
93,100,160,0,0,1,0
94,95,148,0,0,1,0
93,103,156,0,0,1,0
93,95,149,0,0,1,0
93,102,156,0,0,1,0
94,103,149,0,0,1,0
93,101,156,0,0,1,0
92,101,155,0,0,1,0
94,103,155,0,0,1,0
93,94,147,0,0,1,0
94,102,158,0,0,1,0
93,96,148,0,0,1,0
93,102,156,0,0,1,0
94,95,155,0,0,1,0
94,101,154,0,0,1,0
87,102,157,0,0,1,0
93,100,156,0,0,1,0
95,102,156,0,0,1,0
92,101,155,0,0,1,0
93,101,156,0,0,1,0
95,102,156,0,0,1,0
94,101,155,0,0,1,0
94,102,154,0,0,1,0
92,96,147,0,0,1,0
94,97,164,0,0,1,0
93,97,155,0,0,1,0
93,103,155,0,0,1,0
93,101,156,0,0,1,0
93,102,149,0,0,1,0
94,102,157,0,0,1,0
87,100,156,0,0,1,0
93,101,156,0,0,1,0
94,101,156,0,0,1,0
92,103,155,0,0,1,0
87,96,156,0,0,1,0
93,96,154,0,0,1,0
93,103,155,0,0,1,0
93,102,157,0,0,1,0
88,96,148,0,0,1,0
92,104,155,0,0,1,0
93,102,156,0,0,1,0
94,101,154,0,0,1,0
93,103,156,0,0,1,0
94,98,155,0,0,1,0
93,97,155,0,0,1,0
92,103,155,0,0,1,0
93,97,156,0,0,1,0
93,97,154,0,0,1,0
93,104,156,0,0,1,0
93,91,147,0,0,1,0
93,102,157,0,0,1,0
93,97,148,0,0,1,0
93,96,156,0,0,1,0
94,102,156,0,0,1,0
92,98,154,0,0,1,0
93,101,158,0,0,1,0
95,97,156,0,0,1,0
95,101,155,0,0,1,0
93,103,155,0,0,1,0
95,92,148,0,0,1,0
93,99,154,0,0,1,0
94,98,153,0,0,1,0
94,98,149,0,0,1,0
94,98,153,0,0,1,0
94,98,154,0,0,1,0
95,92,148,0,0,1,0
94,99,154,0,0,1,0
95,97,154,0,0,1,0
96,97,154,0,0,1,0
94,102,154,0,0,1,0
94,97,155,0,0,1,0
93,97,149,0,0,1,0
93,99,154,0,0,1,0
93,97,148,0,0,1,0
94,100,155,0,0,1,0
87,99,153,0,0,1,0
95,97,149,0,0,1,0
95,98,154,0,0,1,0
92,100,155,0,0,1,0
94,98,155,0,0,1,0
95,101,155,0,0,1,0
88,100,155,0,0,1,0
94,98,155,0,0,1,0
95,98,154,0,0,1,0
95,99,154,0,0,1,0
94,91,149,0,0,1,0
93,101,154,0,0,1,0
94,99,155,0,0,1,0
94,97,153,0,0,1,0
94,98,153,0,0,1,0
89,98,159,0,0,1,0
95,92,149,0,0,1,0
95,99,155,0,0,1,0
93,98,154,0,0,1,0
93,92,148,0,0,1,0
94,100,154,0,0,1,0
93,100,149,0,0,1,0
93,99,155,0,0,1,0
89,97,160,0,0,1,0
93,100,154,0,0,1,0
93,100,156,0,0,1,0
93,99,154,0,0,1,0
93,100,155,0,0,1,0
94,92,148,0,0,1,0
94,99,165,0,0,1,0
94,100,155,0,0,1,0
94,91,155,0,0,1,0
95,98,153,0,0,1,0
94,99,155,0,0,1,0
94,92,148,0,0,1,0
95,99,154,0,0,1,0
93,98,154,0,0,1,0
93,98,154,0,0,1,0
95,99,153,0,0,1,0
93,99,148,0,0,1,0
93,99,153,0,0,1,0
88,100,155,0,0,1,0
94,101,154,0,0,1,0
95,100,156,0,0,1,0
94,100,155,0,0,1,0
93,101,155,0,0,1,0
93,100,156,0,0,1,0
94,99,155,0,0,1,0
94,97,148,0,0,1,0
93,98,156,0,0,1,0
88,100,156,0,0,1,0
94,102,154,0,0,1,0
95,101,155,0,0,1,0
96,101,156,0,0,1,0
94,103,164,0,0,1,0
87,100,155,0,0,1,0
96,101,156,0,0,1,0
94,102,155,0,0,1,0
95,100,155,0,0,1,0
95,101,154,0,0,1,0
94,103,155,0,0,1,0
94,100,154,0,0,1,0
96,101,153,0,0,1,0
93,102,156,0,0,1,0
89,100,155,0,0,1,0
97,100,155,0,0,1,0
93,101,154,0,0,1,0
96,100,154,0,0,1,0
93,100,156,0,0,1,0
95,102,155,0,0,1,0
94,100,156,0,0,1,0
93,95,148,0,0,1,0
93,102,155,0,0,1,0
95,94,148,0,0,1,0
95,100,156,0,0,1,0
89,102,154,0,0,1,0
94,101,156,0,0,1,0
88,101,154,0,0,1,0
93,103,153,0,0,1,0
94,94,150,0,0,1,0
95,102,164,0,0,1,0
93,102,155,0,0,1,0
94,100,155,0,0,1,0
94,98,153,0,0,1,0
93,102,155,0,0,1,0
88,101,150,0,0,1,0
93,102,154,0,0,1,0
94,97,147,0,0,1,0
94,101,155,0,0,1,0
95,95,147,0,0,1,0
95,103,155,0,0,1,0
94,94,166,0,0,1,0
93,103,155,0,0,1,0
89,103,156,0,0,1,0
94,98,164,0,0,1,0
93,101,155,0,0,1,0
95,103,156,0,0,1,0
94,102,155,0,0,1,0
94,101,155,0,0,1,0
89,103,149,0,0,1,0
93,101,155,0,0,1,0
94,95,146,0,0,1,0
95,102,155,0,0,1,0
94,95,147,0,0,1,0
94,102,155,0,0,1,0
94,101,154,0,0,1,0
94,102,154,0,0,1,0
94,91,148,0,0,1,0
95,102,155,0,0,1,0
94,98,153,0,0,1,0
94,101,156,0,0,1,0
94,101,154,0,0,1,0
93,104,154,0,0,1,0
95,92,153,0,0,1,0
94,102,156,0,0,1,0
95,104,154,0,0,1,0
87,102,149,0,0,1,0
95,102,154,0,0,1,0
94,98,161,0,0,1,0
95,102,156,0,0,1,0
96,101,155,0,0,1,0
94,103,155,0,0,1,0
94,96,150,0,0,1,0
95,99,153,0,0,1,0
93,97,152,0,0,1,0
94,97,155,0,0,1,0
89,102,149,0,0,1,0
95,99,153,0,0,1,0
87,103,150,0,0,1,0
95,98,152,0,0,1,0
88,98,153,0,0,1,0
93,102,155,0,0,1,0
94,100,154,0,0,1,0
94,100,155,0,0,1,0
95,96,164,0,0,1,0
93,97,154,0,0,1,0
94,100,155,0,0,1,0
95,96,154,0,0,1,0
94,98,153,0,0,1,0
95,95,159,0,0,1,0
95,102,154,0,0,1,0
95,102,148,0,0,1,0
96,98,152,0,0,1,0
96,99,160,0,0,1,0
94,100,154,0,0,1,0
96,101,161,0,0,1,0
95,99,161,0,0,1,0
95,99,153,0,0,1,0
96,100,156,0,0,1,0
95,98,148,0,0,1,0
95,97,153,0,0,1,0
95,99,154,0,0,1,0
95,103,155,0,0,1,0
95,102,154,0,0,1,0
96,99,154,0,0,1,0
94,102,148,0,0,1,0
95,102,154,0,0,1,0
96,98,154,0,0,1,0
95,102,155,0,0,1,0
89,102,147,0,0,1,0
95,98,153,0,0,1,0
88,97,155,0,0,1,0
95,97,153,0,0,1,0
95,98,154,0,0,1,0
93,103,153,0,0,1,0
96,98,153,0,0,1,0
95,99,154,0,0,1,0
93,98,164,0,0,1,0
94,98,154,0,0,1,0
95,98,153,0,0,1,0
96,97,154,0,0,1,0
95,92,147,0,0,1,0
96,98,153,0,0,1,0
88,97,153,0,0,1,0
95,97,154,0,0,1,0
95,99,155,0,0,1,0
95,98,148,0,0,1,0
94,103,154,0,0,1,0
96,92,147,0,0,1,0
95,103,154,0,0,1,0
95,98,154,0,0,1,0
96,98,153,0,0,1,0
96,103,154,0,0,1,0
96,102,156,0,0,1,0
94,97,154,0,0,1,0
94,103,155,0,0,1,0
95,102,155,0,0,1,0
96,99,153,0,0,1,0
95,98,155,0,0,1,0
94,97,153,0,0,1,0
95,98,155,0,0,1,0
95,100,154,0,0,1,0
94,97,154,0,0,1,0
95,98,154,0,0,1,0
94,98,154,0,0,1,0
95,102,155,0,0,1,0
90,102,156,0,0,1,0
95,99,157,0,0,1,0
95,100,154,0,0,1,0
95,93,147,0,0,1,0
94,101,154,0,0,1,0
95,96,147,0,0,1,0
96,100,153,0,0,1,0
94,99,147,0,0,1,0
95,99,154,0,0,1,0
94,99,146,0,0,1,0
95,100,155,0,0,1,0
89,100,148,0,0,1,0
95,100,153,0,0,1,0
89,101,154,0,0,1,0
96,101,159,0,0,1,0
95,99,153,0,0,1,0
94,101,154,0,0,1,0
87,98,156,0,0,1,0
94,98,153,0,0,1,0
88,100,154,0,0,1,0
94,98,154,0,0,1,0
96,98,153,0,0,1,0
94,100,154,0,0,1,0
94,99,155,0,0,1,0
94,99,154,0,0,1,0
94,101,154,0,0,1,0
94,99,154,0,0,1,0
88,98,163,0,0,1,0
94,101,155,0,0,1,0
96,100,154,0,0,1,0
95,100,154,0,0,1,0
96,102,154,0,0,1,0
94,100,159,0,0,1,0
94,100,154,0,0,1,0
95,100,154,0,0,1,0
95,101,161,0,0,1,0
94,94,147,0,0,1,0
96,100,154,0,0,1,0
95,99,148,0,0,1,0
94,101,155,0,0,1,0
95,94,164,0,0,1,0
94,100,163,0,0,1,0
94,101,153,0,0,1,0
95,101,155,0,0,1,0
94,94,162,0,0,1,0
94,100,154,0,0,1,0
89,101,160,0,0,1,0
94,101,154,0,0,1,0
94,100,149,0,0,1,0
97,101,154,0,0,1,0
94,96,161,0,0,1,0
96,101,154,0,0,1,0
97,101,165,0,0,1,0
94,102,154,0,0,1,0
94,100,155,0,0,1,0
94,101,154,0,0,1,0
95,102,154,0,0,1,0
95,100,154,0,0,1,0
88,101,148,0,0,1,0
94,101,165,0,0,1,0
95,99,163,0,0,1,0
95,95,162,0,0,1,0
95,103,153,0,0,1,0
94,98,160,0,0,1,0
96,101,154,0,0,1,0
88,102,163,0,0,1,0
94,102,164,0,0,1,0
96,102,154,0,0,1,0
95,102,157,0,0,1,0
93,101,154,0,0,1,0
96,96,160,0,0,1,0
94,103,162,0,0,1,0
95,102,154,0,0,1,0
97,101,153,0,0,1,0
94,97,161,0,0,1,0
95,101,164,0,0,1,0
97,102,164,0,0,1,0
95,103,163,0,0,1,0
95,101,155,0,0,1,0
95,101,154,0,0,1,0
94,102,163,0,0,1,0
94,101,156,0,0,1,0
96,101,154,0,0,1,0
94,102,149,0,0,1,0
95,101,157,0,0,1,0
96,96,163,0,0,1,0
96,104,159,0,0,1,0
96,101,155,0,0,1,0
96,101,153,0,0,1,0
96,103,154,0,0,1,0
96,101,155,0,0,1,0
95,95,153,0,0,1,0
94,102,153,0,0,1,0
94,102,162,0,0,1,0
96,103,154,0,0,1,0
97,102,154,0,0,1,0
94,102,163,0,0,1,0
94,102,154,0,0,1,0
89,101,148,0,0,1,0
94,101,155,0,0,1,0
94,101,154,0,0,1,0
97,103,147,0,0,1,0
96,102,163,0,0,1,0
94,101,153,0,0,1,0
96,103,161,0,0,1,0
94,103,162,0,0,1,0
95,102,154,0,0,1,0
96,103,147,0,0,1,0
94,105,162,0,0,1,0
88,102,148,0,0,1,0
96,102,154,0,0,1,0
95,97,161,0,0,1,0
95,103,154,0,0,1,0
95,96,160,0,0,1,0
96,103,164,0,0,1,0
96,102,154,0,0,1,0
96,103,159,0,0,1,0
96,103,162,0,0,1,0
96,101,148,0,0,1,0
96,102,154,0,0,1,0
94,103,154,0,0,1,0
95,102,156,0,0,1,0
96,99,156,0,0,1,0
95,104,164,0,0,1,0
95,103,164,0,0,1,0
95,102,163,0,0,1,0
94,104,159,0,0,1,0
95,102,156,0,0,1,0
96,102,155,0,0,1,0
96,99,156,0,0,1,0
95,103,157,0,0,1,0
96,99,163,0,0,1,0
95,104,157,0,0,1,0
95,103,166,0,0,1,0
89,102,148,0,0,1,0
94,100,163,0,0,1,0
95,100,165,0,0,1,0
94,103,154,0,0,1,0
88,99,159,0,0,1,0
95,102,160,0,0,1,0
94,102,159,0,0,1,0
91,99,162,0,0,1,0
96,103,160,0,0,1,0
95,98,162,0,0,1,0
96,99,157,0,0,1,0
95,104,154,0,0,1,0
95,103,154,0,0,1,0
94,97,153,0,0,1,0
94,103,157,0,0,1,0
96,103,154,0,0,1,0
95,97,162,0,0,1,0
94,97,154,0,0,1,0
94,98,161,0,0,1,0
94,99,161,0,0,1,0
95,103,159,0,0,1,0
96,102,164,0,0,1,0
96,103,163,0,0,1,0
94,103,154,0,0,1,0
89,103,164,0,0,1,0
94,99,153,0,0,1,0
96,103,155,0,0,1,0
95,103,154,0,0,1,0
95,99,163,0,0,1,0
95,100,156,0,0,1,0
95,103,153,0,0,1,0
95,92,163,0,0,1,0
95,98,157,0,0,1,0
95,104,153,0,0,1,0
95,99,157,0,0,1,0
95,103,164,0,0,1,0
95,103,148,0,0,1,0
95,98,164,0,0,1,0
96,103,155,0,0,1,0
96,103,153,0,0,1,0
97,98,159,0,0,1,0
96,98,165,0,0,1,0
95,97,154,0,0,1,0
95,102,164,0,0,1,0
89,103,149,0,0,1,0
95,97,161,0,0,1,0
96,99,162,0,0,1,0
94,97,163,0,0,1,0
95,99,162,0,0,1,0
95,101,164,0,0,1,0
90,102,149,0,0,1,0
95,103,154,0,0,1,0
96,105,158,0,0,1,0
95,103,161,0,0,1,0
91,101,162,0,0,1,0
96,94,152,0,0,1,0
96,98,162,0,0,1,0
96,99,160,0,0,1,0
95,99,160,0,0,1,0
94,95,164,0,0,1,0
95,99,161,0,0,1,0
96,99,159,0,0,1,0
95,99,161,0,0,1,0
96,99,154,0,0,1,0
96,102,160,0,0,1,0
96,102,156,0,0,1,0
97,100,156,0,0,1,0
95,100,161,0,0,1,0
95,98,160,0,0,1,0
95,100,154,0,0,1,0
96,101,160,0,0,1,0
90,99,161,0,0,1,0
96,98,160,0,0,1,0
94,101,163,0,0,1,0
96,99,160,0,0,1,0
97,102,163,0,0,1,0
96,101,165,0,0,1,0
95,97,161,0,0,1,0
95,99,160,0,0,1,0
95,99,160,0,0,1,0
96,100,164,0,0,1,0
96,100,162,0,0,1,0
95,100,161,0,0,1,0
95,99,159,0,0,1,0
97,99,155,0,0,1,0
94,99,158,0,0,1,0
95,100,157,0,0,1,0
97,99,153,0,0,1,0
95,98,159,0,0,1,0
96,99,162,0,0,1,0
91,100,164,0,0,1,0
96,98,150,0,0,1,0
97,99,160,0,0,1,0
97,101,164,0,0,1,0
89,100,161,0,0,1,0
95,99,154,0,0,1,0
96,101,159,0,0,1,0
96,98,162,0,0,1,0
96,96,161,0,0,1,0
96,102,162,0,0,1,0
96,99,161,0,0,1,0
89,101,159,0,0,1,0
96,101,158,0,0,1,0
95,99,160,0,0,1,0
89,99,158,0,0,1,0
96,94,153,0,0,1,0
97,100,165,0,0,1,0
97,99,159,0,0,1,0
96,101,162,0,0,1,0
96,92,161,0,0,1,0
96,99,156,0,0,1,0
95,101,163,0,0,1,0
96,99,162,0,0,1,0
97,100,163,0,0,1,0
96,101,156,0,0,1,0
96,99,160,0,0,1,0
95,99,161,0,0,1,0
95,101,159,0,0,1,0
95,100,163,0,0,1,0
97,101,164,0,0,1,0
89,102,162,0,0,1,0
95,101,157,0,0,1,0
97,98,158,0,0,1,0
95,101,158,0,0,1,0
95,101,162,0,0,1,0
96,100,160,0,0,1,0
95,102,158,0,0,1,0
96,100,162,0,0,1,0
90,101,163,0,0,1,0
96,102,162,0,0,1,0
95,102,164,0,0,1,0
90,100,162,0,0,1,0
95,99,151,0,0,1,0
95,101,163,0,0,1,0
90,100,163,0,0,1,0
94,101,161,0,0,1,0
95,100,162,0,0,1,0
91,101,161,0,0,1,0
95,102,160,0,0,1,0
98,100,162,0,0,1,0
96,95,154,0,0,1,0
95,102,159,0,0,1,0
89,100,162,0,0,1,0
97,101,156,0,0,1,0
95,101,161,0,0,1,0
89,100,162,0,0,1,0
96,100,157,0,0,1,0
96,101,161,0,0,1,0
95,101,164,0,0,1,0
96,100,154,0,0,1,0
95,103,161,0,0,1,0
93,100,149,0,0,1,0
96,101,163,0,0,1,0
89,102,160,0,0,1,0
95,102,162,0,0,1,0
97,102,161,0,0,1,0
90,101,159,0,0,1,0
95,100,161,0,0,1,0
98,101,160,0,0,1,0
95,97,152,0,0,1,0
94,100,162,0,0,1,0
97,101,159,0,0,1,0
94,100,162,0,0,1,0
95,99,159,0,0,1,0
90,101,159,0,0,1,0
96,101,162,0,0,1,0
94,99,159,0,0,1,0
96,101,157,0,0,1,0
95,100,160,0,0,1,0
95,101,159,0,0,1,0
96,101,156,0,0,1,0
94,101,161,0,0,1,0
95,94,159,0,0,1,0
96,102,159,0,0,1,0
97,101,159,0,0,1,0
95,102,156,0,0,1,0
97,102,160,0,0,1,0
91,101,160,0,0,1,0
95,102,161,0,0,1,0
95,101,161,0,0,1,0
96,101,153,0,0,1,0
95,101,163,0,0,1,0
96,101,163,0,0,1,0
94,101,160,0,0,1,0
96,100,163,0,0,1,0
97,95,161,0,0,1,0
96,100,159,0,0,1,0
96,102,160,0,0,1,0
95,102,157,0,0,1,0
96,102,160,0,0,1,0
96,97,157,0,0,1,0
96,102,160,0,0,1,0
88,101,161,0,0,1,0
94,101,162,0,0,1,0
95,102,161,0,0,1,0
97,101,158,0,0,1,0
98,103,161,0,0,1,0
91,102,161,0,0,1,0
96,101,161,0,0,1,0
95,101,162,0,0,1,0
97,96,152,0,0,1,0
96,103,161,0,0,1,0
95,96,159,0,0,1,0
95,102,161,0,0,1,0
95,102,161,0,0,1,0
97,94,161,0,0,1,0
95,100,154,0,0,1,0
96,96,159,0,0,1,0
96,100,156,0,0,1,0
90,103,161,0,0,1,0
95,102,161,0,0,1,0
95,102,162,0,0,1,0
96,102,161,0,0,1,0
95,101,162,0,0,1,0
96,101,163,0,0,1,0
97,96,161,0,0,1,0
95,100,155,0,0,1,0
90,101,148,0,0,1,0
97,101,154,0,0,1,0
96,101,163,0,0,1,0
96,102,159,0,0,1,0
97,101,154,0,0,1,0
97,96,160,0,0,1,0
97,100,154,0,0,1,0
89,101,148,0,0,1,0
96,102,165,0,0,1,0
95,100,155,0,0,1,0
95,101,154,0,0,1,0
96,101,164,0,0,1,0
96,100,149,0,0,1,0
95,100,154,0,0,1,0
97,95,161,0,0,1,0
97,100,155,0,0,1,0
89,101,155,0,0,1,0
97,101,166,0,0,1,0
96,102,162,0,0,1,0
96,96,160,0,0,1,0
96,104,161,0,0,1,0
96,100,164,0,0,1,0
97,95,161,0,0,1,0
95,103,164,0,0,1,0
95,99,164,0,0,1,0
96,97,158,0,0,1,0
95,104,160,0,0,1,0
97,101,164,0,0,1,0
96,101,164,0,0,1,0
98,102,157,0,0,1,0
95,101,164,0,0,1,0
97,103,162,0,0,1,0
95,102,161,0,0,1,0
95,95,161,0,0,1,0
97,101,154,0,0,1,0
91,101,161,0,0,1,0
95,101,164,0,0,1,0
97,102,162,0,0,1,0
95,101,164,0,0,1,0
96,99,154,0,0,1,0
96,101,157,0,0,1,0
95,105,158,0,0,1,0
90,101,147,0,0,1,0
96,100,154,0,0,1,0
96,97,159,0,0,1,0
94,102,162,0,0,1,0
90,101,152,0,0,1,0
96,101,155,0,0,1,0
95,101,148,0,0,1,0
95,101,154,0,0,1,0
97,102,164,0,0,1,0
94,98,165,0,0,1,0
97,101,159,0,0,1,0
97,102,151,0,0,1,0
96,102,164,0,0,1,0
97,101,154,0,0,1,0
95,102,154,0,0,1,0
97,99,151,0,0,1,0
96,100,157,0,0,1,0
97,103,162,0,0,1,0
95,101,166,0,0,1,0
95,102,163,0,0,1,0
91,98,158,0,0,1,0
95,102,164,0,0,1,0
97,101,154,0,0,1,0
95,103,161,0,0,1,0
96,101,156,0,0,1,0
97,101,154,0,0,1,0
90,103,164,0,0,1,0
96,102,162,0,0,1,0
95,102,162,0,0,1,0
97,105,155,0,0,1,0
97,102,163,0,0,1,0
93,97,160,0,0,1,0
96,103,161,0,0,1,0
97,102,165,0,0,1,0
95,102,157,0,0,1,0
95,103,164,0,0,1,0
93,100,167,0,0,1,0
96,102,154,0,0,1,0
96,103,162,0,0,1,0
95,101,159,0,0,1,0
96,104,161,0,0,1,0
95,97,158,0,0,1,0
96,102,161,0,0,1,0
89,101,161,0,0,1,0
96,103,163,0,0,1,0
94,102,163,0,0,1,0
94,101,156,0,0,1,0
95,103,160,0,0,1,0
97,98,158,0,0,1,0
96,100,158,0,0,1,0
98,103,156,0,0,1,0
97,99,155,0,0,1,0
96,102,162,0,0,1,0
96,98,150,0,0,1,0
96,102,162,0,0,1,0
95,98,159,0,0,1,0
96,102,158,0,0,1,0
97,102,163,0,0,1,0
95,102,161,0,0,1,0
96,102,161,0,0,1,0
90,99,159,0,0,1,0
95,102,154,0,0,1,0
90,97,162,0,0,1,0
97,102,163,0,0,1,0
96,103,160,0,0,1,0
96,103,157,0,0,1,0
97,102,162,0,0,1,0
95,103,156,0,0,1,0
97,103,163,0,0,1,0
89,103,162,0,0,1,0
96,103,161,0,0,1,0
98,103,161,0,0,1,0
95,102,161,0,0,1,0
95,101,163,0,0,1,0
96,100,156,0,0,1,0
97,98,157,0,0,1,0
97,99,156,0,0,1,0
97,101,158,0,0,1,0
95,97,157,0,0,1,0
96,103,154,0,0,1,0
98,104,160,0,0,1,0
90,103,160,0,0,1,0
97,100,160,0,0,1,0
97,99,161,0,0,1,0
95,103,158,0,0,1,0
96,103,159,0,0,1,0
92,99,159,0,0,1,0
96,103,159,0,0,1,0
97,103,161,0,0,1,0
93,99,158,0,0,1,0
95,98,157,0,0,1,0
95,103,161,0,0,1,0
99,97,150,0,0,1,0
96,102,159,0,0,1,0
91,101,159,0,0,1,0
99,98,153,0,0,1,0
96,103,160,0,0,1,0
95,103,155,0,0,1,0
97,103,161,0,0,1,0
95,103,155,0,0,1,0
96,102,161,0,0,1,0
92,98,159,0,0,1,0
97,103,155,0,0,1,0
96,97,159,0,0,1,0
91,102,159,0,0,1,0
95,100,158,0,0,1,0
96,97,159,0,0,1,0
96,92,160,0,0,1,0
97,103,161,0,0,1,0
96,102,160,0,0,1,0
98,96,153,0,0,1,0
95,101,161,0,0,1,0
96,103,161,0,0,1,0
99,101,154,0,0,1,0
97,103,160,0,0,1,0
97,101,159,0,0,1,0
96,98,158,0,0,1,0
98,103,161,0,0,1,0
96,103,159,0,0,1,0
96,99,158,0,0,1,0
97,99,160,0,0,1,0
96,103,154,0,0,1,0
98,99,159,0,0,1,0
97,98,158,0,0,1,0
97,93,151,0,0,1,0
98,98,160,0,0,1,0
96,102,162,0,0,1,0
96,103,157,0,0,1,0
98,100,162,0,0,1,0
95,102,164,0,0,1,0
148,131,182,0,0,1,0
129,133,183,0,0,1,0
126,127,174,0,0,1,0
121,122,178,0,0,1,0
122,127,167,0,0,1,0
115,122,161,0,0,1,0
124,126,183,0,0,1,0
132,133,191,0,0,1,0
138,148,190,0,0,1,0
142,147,210,0,0,1,0
143,140,195,0,0,1,0
128,128,176,0,0,1,0
121,124,175,0,0,1,0
126,129,174,0,0,1,0
127,125,169,0,0,1,0
123,129,172,0,0,1,0
124,125,163,0,0,1,0
126,125,178,0,0,1,0
133,139,187,0,0,1,0
135,136,187,0,0,1,0
123,124,163,0,0,1,0
117,124,167,0,0,1,0
122,123,168,0,0,1,0
128,127,185,0,0,1,0
128,122,178,0,0,1,0
116,117,159,0,0,1,0
117,119,158,0,0,1,0
118,126,168,0,0,1,0
115,125,169,0,0,1,0
111,115,161,0,0,1,0
110,117,161,0,0,1,0
120,122,169,0,0,1,0
115,115,158,0,0,1,0
117,121,152,0,0,1,0
111,114,159,0,0,1,0
119,122,177,0,0,1,0
125,124,170,0,0,1,0
116,122,173,0,0,1,0
121,126,169,0,0,1,0
129,137,180,0,0,1,0
115,119,167,0,0,1,0
112,115,161,0,0,1,0
133,149,195,0,0,1,0
155,163,211,0,0,1,0
150,154,194,0,0,1,0
140,143,183,0,0,1,0
122,132,174,0,0,1,0
160,171,229,0,0,1,0
166,174,213,0,0,1,0
144,145,181,0,0,1,0
122,117,162,0,0,1,0
125,137,180,0,0,1,0
151,162,196,0,0,1,0
143,138,180,0,0,1,0
128,139,188,0,0,1,0
148,157,214,0,0,1,0
132,136,167,0,0,1,0
138,144,193,0,0,1,0
131,134,178,0,0,1,0
122,128,166,0,0,1,0
118,123,162,0,0,1,0
124,130,172,0,0,1,0
127,134,173,0,0,1,0
122,123,168,0,0,1,0
126,126,166,0,0,1,0
133,139,179,0,0,1,0
126,134,176,0,0,1,0
133,132,179,0,0,1,0
129,129,172,0,0,1,0
123,127,160,0,0,1,0
124,125,178,0,0,1,0
131,124,169,0,0,1,0
128,129,176,0,0,1,0
110,108,158,0,0,1,0
105,106,151,0,0,1,0
108,106,157,0,0,1,0
102,107,151,0,0,1,0
113,119,161,0,0,1,0
123,140,191,0,0,1,0
157,176,222,0,0,1,0
195,200,240,0,0,1,0
163,170,211,0,0,1,0
119,127,170,0,0,1,0
115,122,167,0,0,1,0
112,118,172,0,0,1,0
105,113,158,0,0,1,0
106,114,163,0,0,1,0
106,116,163,0,0,1,0
116,127,188,0,0,1,0
141,153,202,0,0,1,0
139,151,200,0,0,1,0
119,125,169,0,0,1,0
107,112,165,0,0,1,0
104,110,166,0,0,1,0
106,115,166,0,0,1,0
112,117,178,0,0,1,0
138,156,216,0,0,1,0
142,152,201,0,0,1,0
123,132,174,0,0,1,0
119,130,174,0,0,1,0
115,127,176,0,0,1,0
114,116,172,0,0,1,0
111,115,168,0,0,1,0
110,111,161,0,0,1,0
109,115,165,0,0,1,0
107,114,160,0,0,1,0
105,115,163,0,0,1,0
108,113,174,0,0,1,0
115,120,179,0,0,1,0
124,128,179,0,0,1,0
129,141,215,0,0,1,0
167,174,233,0,0,1,0
138,140,202,0,0,1,0
135,142,190,0,0,1,0
147,146,209,0,0,1,0
120,124,170,0,0,1,0
106,114,150,0,0,1,0
119,127,177,0,0,1,0
113,112,159,0,0,1,0
98,102,157,0,0,1,0
103,109,152,0,0,1,0
98,105,148,0,0,1,0
108,123,187,0,0,1,0
134,139,198,0,0,1,0
132,135,185,0,0,1,0
125,135,186,0,0,1,0
142,148,201,0,0,1,0
137,146,204,0,0,1,0
168,171,231,0,0,1,0
184,193,234,0,0,1,0
206,208,257,0,0,1,0
194,190,244,0,0,1,0
193,203,255,0,0,1,0
217,218,265,0,0,1,0
184,188,227,0,0,1,0
185,197,244,0,0,1,0
166,164,216,0,0,1,0
170,176,227,0,0,1,0
175,174,223,0,0,1,0
160,166,225,0,0,1,0
191,194,242,0,0,1,0
177,179,224,0,0,1,0
147,146,205,0,0,1,0
128,138,186,0,0,1,0
162,171,210,0,0,1,0
187,193,244,0,0,1,0
193,197,233,0,0,1,0
169,173,212,0,0,1,0
149,151,198,0,0,1,0
137,141,188,0,0,1,0
125,135,180,0,0,1,0
122,131,178,0,0,1,0
120,128,179,0,0,1,0
120,128,175,0,0,1,0
113,125,178,0,0,1,0
115,120,173,0,0,1,0
111,116,174,0,0,1,0
118,125,175,0,0,1,0
114,112,166,0,0,1,0
114,118,171,0,0,1,0
113,119,165,0,0,1,0
115,121,160,0,0,1,0
114,122,171,0,0,1,0
117,118,163,0,0,1,0
112,119,164,0,0,1,0
115,120,175,0,0,1,0
119,126,173,0,0,1,0
118,124,169,0,0,1,0
119,124,174,0,0,1,0
119,124,174,0,0,1,0
118,123,167,0,0,1,0
114,119,168,0,0,1,0
110,115,178,0,0,1,0
117,121,171,0,0,1,0
116,115,170,0,0,1,0
116,122,163,0,0,1,0
119,122,171,0,0,1,0
116,121,174,0,0,1,0
117,120,176,0,0,1,0
119,123,172,0,0,1,0
112,120,165,0,0,1,0
118,122,174,0,0,1,0
119,114,175,0,0,1,0
115,118,172,0,0,1,0
112,121,167,0,0,1,0
118,118,169,0,0,1,0
115,116,161,0,0,1,0
117,119,168,0,0,1,0
117,113,171,0,0,1,0
115,122,173,0,0,1,0
114,121,173,0,0,1,0
118,122,170,0,0,1,0
119,121,173,0,0,1,0
117,125,175,0,0,1,0
119,118,169,0,0,1,0
116,125,163,0,0,1,0
116,117,170,0,0,1,0
119,119,171,0,0,1,0
122,128,182,0,0,1,0
124,129,171,0,0,1,0
125,130,189,0,0,1,0
128,135,182,0,0,1,0
125,129,176,0,0,1,0
125,130,182,0,0,1,0
120,125,171,0,0,1,0
123,131,178,0,0,1,0
119,119,170,0,0,1,0
116,117,163,0,0,1,0
119,129,172,0,0,1,0
119,123,168,0,0,1,0
115,121,171,0,0,1,0
117,125,173,0,0,1,0
115,116,168,0,0,1,0
117,123,173,0,0,1,0
117,121,166,0,0,1,0
116,118,169,0,0,1,0
117,118,168,0,0,1,0
115,119,168,0,0,1,0
115,118,173,0,0,1,0
106,112,161,0,0,1,0
111,117,170,0,0,1,0
111,115,163,0,0,1,0
112,112,162,0,0,1,0
111,118,162,0,0,1,0
111,114,168,0,0,1,0
108,114,158,0,0,1,0
109,115,162,0,0,1,0
111,116,163,0,0,1,0
111,115,160,0,0,1,0
111,116,167,0,0,1,0
103,114,165,0,0,1,0
109,116,160,0,0,1,0
111,118,170,0,0,1,0
111,112,165,0,0,1,0
113,114,169,0,0,1,0
116,119,164,0,0,1,0
115,117,166,0,0,1,0
116,122,173,0,0,1,0
121,123,171,0,0,1,0
123,132,183,0,0,1,0
151,147,212,0,0,1,0
137,146,201,0,0,1,0
152,156,215,0,0,1,0
152,159,216,0,0,1,0
190,199,232,0,0,1,0
168,176,221,0,0,1,0
156,159,210,0,0,1,0
143,150,203,0,0,1,0
149,153,208,0,0,1,0
152,159,215,0,0,1,0
155,164,216,0,0,1,0
157,160,204,0,0,1,0
136,144,206,0,0,1,0
149,146,200,0,0,1,0
131,139,190,0,0,1,0
152,164,215,0,0,1,0
157,169,216,0,0,1,0
145,150,191,0,0,1,0
143,146,191,0,0,1,0
133,138,185,0,0,1,0
127,129,181,0,0,1,0
124,125,183,0,0,1,0
124,128,182,0,0,1,0
125,130,182,0,0,1,0
125,126,177,0,0,1,0
116,125,173,0,0,1,0
114,125,179,0,0,1,0
121,128,179,0,0,1,0
118,127,172,0,0,1,0
121,122,176,0,0,1,0
120,128,172,0,0,1,0
120,129,183,0,0,1,0
114,121,171,0,0,1,0
120,121,171,0,0,1,0
121,127,176,0,0,1,0
122,123,176,0,0,1,0
122,125,176,0,0,1,0
116,124,176,0,0,1,0
121,127,186,0,0,1,0
122,119,168,0,0,1,0
123,124,175,0,0,1,0
115,118,168,0,0,1,0
119,123,171,0,0,1,0
119,115,164,0,0,1,0
117,123,171,0,0,1,0
117,121,171,0,0,1,0
117,121,171,0,0,1,0
117,124,169,0,0,1,0
118,122,170,0,0,1,0
120,119,178,0,0,1,0
118,123,175,0,0,1,0
119,123,173,0,0,1,0
120,126,172,0,0,1,0
122,116,183,0,0,1,0
120,127,173,0,0,1,0
122,121,171,0,0,1,0
121,127,164,0,0,1,0
121,128,172,0,0,1,0
120,126,170,0,0,1,0
120,129,171,0,0,1,0
119,116,173,0,0,1,0
119,121,175,0,0,1,0
119,123,169,0,0,1,0
119,120,176,0,0,1,0
119,115,170,0,0,1,0
122,123,174,0,0,1,0
121,122,180,0,0,1,0
122,126,176,0,0,1,0
117,124,167,0,0,1,0
123,128,179,0,0,1,0
123,126,173,0,0,1,0
124,124,180,0,0,1,0
124,134,183,0,0,1,0
120,132,178,0,0,1,0
128,137,190,0,0,1,0
130,133,191,0,0,1,0
129,138,191,0,0,1,0
129,134,191,0,0,1,0
127,138,181,0,0,1,0
126,134,177,0,0,1,0
125,124,175,0,0,1,0
123,124,173,0,0,1,0
113,121,171,0,0,1,0
120,127,172,0,0,1,0
121,124,174,0,0,1,0
123,131,181,0,0,1,0
128,139,192,0,0,1,0
141,150,192,0,0,1,0
133,139,199,0,0,1,0
136,140,181,0,0,1,0
132,138,187,0,0,1,0
131,137,184,0,0,1,0
126,133,178,0,0,1,0
126,132,188,0,0,1,0
125,134,182,0,0,1,0
124,133,177,0,0,1,0
130,131,181,0,0,1,0
126,124,174,0,0,1,0
127,131,180,0,0,1,0
127,130,179,0,0,1,0
129,134,183,0,0,1,0
130,137,183,0,0,1,0
130,138,180,0,0,1,0
129,136,188,0,0,1,0
132,136,186,0,0,1,0
133,132,182,0,0,1,0
134,135,182,0,0,1,0
130,133,183,0,0,1,0
128,135,184,0,0,1,0
130,140,183,0,0,1,0
122,139,186,0,0,1,0
130,138,179,0,0,1,0
129,130,180,0,0,1,0
128,135,180,0,0,1,0
127,124,186,0,0,1,0
129,137,180,0,0,1,0
127,133,183,0,0,1,0
121,127,181,0,0,1,0
130,136,187,0,0,1,0
126,125,179,0,0,1,0
116,129,184,0,0,1,0
121,127,178,0,0,1,0
123,121,175,0,0,1,0
129,137,190,0,0,1,0
137,136,193,0,0,1,0
139,143,193,0,0,1,0
140,145,201,0,0,1,0
134,141,195,0,0,1,0
131,125,181,0,0,1,0
127,130,183,0,0,1,0
128,132,185,0,0,1,0
131,136,190,0,0,1,0
130,130,185,0,0,1,0
123,133,176,0,0,1,0
131,132,186,0,0,1,0
133,136,190,0,0,1,0
133,141,181,0,0,1,0
136,139,189,0,0,1,0
134,137,186,0,0,1,0
132,138,186,0,0,1,0
131,140,184,0,0,1,0
126,133,190,0,0,1,0
130,136,191,0,0,1,0
132,125,181,0,0,1,0
132,140,185,0,0,1,0
132,139,184,0,0,1,0
130,136,186,0,0,1,0
128,129,179,0,0,1,0
126,128,182,0,0,1,0
126,132,179,0,0,1,0
126,128,180,0,0,1,0
123,127,177,0,0,1,0
126,127,181,0,0,1,0
120,128,183,0,0,1,0
124,134,185,0,0,1,0
125,121,176,0,0,1,0
125,133,183,0,0,1,0
125,134,177,0,0,1,0
126,125,177,0,0,1,0
126,131,178,0,0,1,0
126,131,178,0,0,1,0
124,127,178,0,0,1,0
127,131,178,0,0,1,0
127,131,177,0,0,1,0
120,128,177,0,0,1,0
125,131,170,0,0,1,0
127,131,183,0,0,1,0
126,133,182,0,0,1,0
127,131,182,0,0,1,0
130,134,186,0,0,1,0
122,129,174,0,0,1,0
131,138,184,0,0,1,0
129,138,182,0,0,1,0
123,136,180,0,0,1,0
128,135,177,0,0,1,0
129,132,178,0,0,1,0
129,137,187,0,0,1,0
122,130,176,0,0,1,0
121,127,174,0,0,1,0
121,129,175,0,0,1,0
123,127,187,0,0,1,0
122,129,172,0,0,1,0
135,144,196,0,0,1,0
135,136,176,0,0,1,0
111,114,165,0,0,1,0
120,127,174,0,0,1,0
124,126,189,0,0,1,0
117,124,170,0,0,1,0
119,128,176,0,0,1,0
131,136,191,0,0,1,0
126,130,180,0,0,1,0
142,152,207,0,0,1,0
157,168,217,0,0,1,0
124,128,181,0,0,1,0
132,141,191,0,0,1,0
133,138,195,0,0,1,0
128,124,179,0,0,1,0
117,128,177,0,0,1,0
123,135,185,0,0,1,0
126,134,178,0,0,1,0
126,135,184,0,0,1,0
128,138,179,0,0,1,0
129,134,188,0,0,1,0
139,146,194,0,0,1,0
143,145,196,0,0,1,0
141,152,202,0,0,1,0
162,162,216,0,0,1,0
162,174,220,0,0,1,0
165,174,229,0,0,1,0
158,156,204,0,0,1,0
138,137,203,0,0,1,0
134,138,198,0,0,1,0
132,134,183,0,0,1,0
128,128,184,0,0,1,0
116,119,183,0,0,1,0
120,125,183,0,0,1,0
119,121,167,0,0,1,0
122,124,185,0,0,1,0
122,116,175,0,0,1,0
118,122,177,0,0,1,0
120,127,187,0,0,1,0
125,128,190,0,0,1,0
128,127,193,0,0,1,0
124,129,191,0,0,1,0
131,136,189,0,0,1,0
143,150,205,0,0,1,0
149,155,211,0,0,1,0
156,156,210,0,0,1,0
145,145,207,0,0,1,0
135,140,199,0,0,1,0
129,136,194,0,0,1,0
135,137,194,0,0,1,0
137,135,193,0,0,1,0
136,138,196,0,0,1,0
133,133,190,0,0,1,0
131,135,182,0,0,1,0
129,135,187,0,0,1,0
127,130,192,0,0,1,0
119,124,191,0,0,1,0
128,130,191,0,0,1,0
117,123,178,0,0,1,0
126,132,185,0,0,1,0
129,122,178,0,0,1,0
129,133,183,0,0,1,0
126,132,184,0,0,1,0
125,130,194,0,0,1,0
126,136,191,0,0,1,0
125,132,185,0,0,1,0
127,131,176,0,0,1,0
124,133,186,0,0,1,0
128,127,185,0,0,1,0
129,127,192,0,0,1,0
124,127,180,0,0,1,0
125,125,181,0,0,1,0
124,125,179,0,0,1,0
120,127,174,0,0,1,0
124,129,181,0,0,1,0
126,128,179,0,0,1,0
126,127,186,0,0,1,0
128,128,184,0,0,1,0
127,135,194,0,0,1,0
125,128,179,0,0,1,0
128,135,195,0,0,1,0
130,132,185,0,0,1,0
134,136,188,0,0,1,0
134,133,189,0,0,1,0
132,137,189,0,0,1,0
129,136,190,0,0,1,0
136,139,193,0,0,1,0
138,139,200,0,0,1,0
136,141,194,0,0,1,0
137,140,192,0,0,1,0
138,141,194,0,0,1,0
141,148,202,0,0,1,0
139,145,197,0,0,1,0
132,134,185,0,0,1,0
131,136,186,0,0,1,0
134,136,185,0,0,1,0
122,131,188,0,0,1,0
128,131,183,0,0,1,0
125,121,170,0,0,1,0
120,125,172,0,0,1,0
130,137,186,0,0,1,0
123,116,169,0,0,1,0
117,124,178,0,0,1,0
133,137,192,0,0,1,0
140,142,202,0,0,1,0
131,138,181,0,0,1,0
127,128,185,0,0,1,0
126,130,179,0,0,1,0
121,124,174,0,0,1,0
111,114,167,0,0,1,0
114,114,166,0,0,1,0
115,121,168,0,0,1,0
113,117,154,0,0,1,0
113,113,166,0,0,1,0
108,116,165,0,0,1,0
112,119,166,0,0,1,0
112,118,165,0,0,1,0
114,115,163,0,0,1,0
113,117,162,0,0,1,0
115,115,168,0,0,1,0
114,115,163,0,0,1,0
115,115,158,0,0,1,0
115,116,173,0,0,1,0
117,118,170,0,0,1,0
114,119,169,0,0,1,0
109,116,161,0,0,1,0
117,117,167,0,0,1,0
116,122,171,0,0,1,0
118,120,168,0,0,1,0
122,121,168,0,0,1,0
119,121,170,0,0,1,0
120,125,173,0,0,1,0
121,129,172,0,0,1,0
123,128,173,0,0,1,0
121,128,166,0,0,1,0
123,124,172,0,0,1,0
124,128,178,0,0,1,0
122,123,170,0,0,1,0
124,124,178,0,0,1,0
127,133,185,0,0,1,0
126,131,184,0,0,1,0
126,129,174,0,0,1,0
126,121,173,0,0,1,0
126,131,184,0,0,1,0
124,128,176,0,0,1,0
118,124,167,0,0,1,0
121,128,171,0,0,1,0
122,122,170,0,0,1,0
125,123,164,0,0,1,0
124,124,170,0,0,1,0
117,129,175,0,0,1,0
121,128,171,0,0,1,0
121,123,169,0,0,1,0
122,126,175,0,0,1,0
124,123,174,0,0,1,0
123,127,177,0,0,1,0
122,127,178,0,0,1,0
124,129,173,0,0,1,0
116,123,170,0,0,1,0
123,130,174,0,0,1,0
124,123,173,0,0,1,0
123,118,172,0,0,1,0
122,126,177,0,0,1,0
121,124,169,0,0,1,0
122,117,169,0,0,1,0
121,121,171,0,0,1,0
121,128,170,0,0,1,0
123,126,178,0,0,1,0
122,125,173,0,0,1,0
122,123,173,0,0,1,0
125,128,172,0,0,1,0
125,126,173,0,0,1,0
123,124,173,0,0,1,0
118,124,166,0,0,1,0
124,129,175,0,0,1,0
125,127,177,0,0,1,0
125,128,178,0,0,1,0
125,131,178,0,0,1,0
124,125,179,0,0,1,0
124,124,178,0,0,1,0
124,132,176,0,0,1,0
126,131,178,0,0,1,0
127,128,175,0,0,1,0
128,128,176,0,0,1,0
126,131,186,0,0,1,0
120,126,186,0,0,1,0
126,127,183,0,0,1,0
122,127,179,0,0,1,0
127,128,188,0,0,1,0
129,130,184,0,0,1,0
128,133,179,0,0,1,0
127,132,180,0,0,1,0
127,132,178,0,0,1,0
119,124,174,0,0,1,0
127,131,181,0,0,1,0
128,131,180,0,0,1,0
120,125,173,0,0,1,0
126,126,186,0,0,1,0
126,119,175,0,0,1,0
127,130,183,0,0,1,0
126,129,183,0,0,1,0
127,125,175,0,0,1,0
126,133,175,0,0,1,0
129,129,178,0,0,1,0
127,131,180,0,0,1,0
127,131,183,0,0,1,0
121,133,180,0,0,1,0
121,127,180,0,0,1,0
129,132,181,0,0,1,0
128,131,181,0,0,1,0
127,134,180,0,0,1,0
128,130,184,0,0,1,0
127,131,181,0,0,1,0
121,128,184,0,0,1,0
130,129,186,0,0,1,0
127,131,182,0,0,1,0
125,132,176,0,0,1,0
127,126,183,0,0,1,0
127,128,184,0,0,1,0
129,123,179,0,0,1,0
131,126,179,0,0,1,0
128,131,181,0,0,1,0
131,134,183,0,0,1,0
123,133,194,0,0,1,0
131,134,184,0,0,1,0
131,135,183,0,0,1,0
132,136,185,0,0,1,0
131,134,182,0,0,1,0
128,129,188,0,0,1,0
130,135,173,0,0,1,0
134,142,188,0,0,1,0
136,146,202,0,0,1,0
137,129,188,0,0,1,0
136,143,181,0,0,1,0
137,143,192,0,0,1,0
136,140,196,0,0,1,0
131,134,188,0,0,1,0
130,135,177,0,0,1,0
124,125,175,0,0,1,0
126,137,183,0,0,1,0
135,143,176,0,0,1,0
148,160,212,0,0,1,0
169,179,219,0,0,1,0
181,185,222,0,0,1,0
159,160,206,0,0,1,0
132,126,182,0,0,1,0
131,133,185,0,0,1,0
152,170,206,0,0,1,0
187,191,225,0,0,1,0
155,160,190,0,0,1,0
149,165,198,0,0,1,0
156,163,208,0,0,1,0
158,171,213,0,0,1,0
164,169,215,0,0,1,0
159,169,209,0,0,1,0
147,158,197,0,0,1,0
142,151,198,0,0,1,0
147,147,199,0,0,1,0
160,163,219,0,0,1,0
165,177,217,0,0,1,0
139,144,188,0,0,1,0
121,132,183,0,0,1,0
115,125,171,0,0,1,0
108,124,175,0,0,1,0
120,128,176,0,0,1,0
123,133,175,0,0,1,0
120,135,173,0,0,1,0
120,134,178,0,0,1,0
121,124,177,0,0,1,0
121,138,180,0,0,1,0
119,130,180,0,0,1,0
107,119,162,0,0,1,0
106,116,157,0,0,1,0
105,112,158,0,0,1,0
108,115,159,0,0,1,0
104,116,168,0,0,1,0
107,115,158,0,0,1,0
107,118,157,0,0,1,0
108,113,157,0,0,1,0
105,117,159,0,0,1,0
123,99,148,0,0,1,0
92,103,147,0,0,1,0
94,103,155,0,0,1,0
92,97,147,0,0,1,0
86,96,147,0,0,1,0
91,90,137,0,0,1,0
90,100,152,0,0,1,0
91,100,150,0,0,1,0
93,98,149,0,0,1,0
92,99,150,0,0,1,0
91,98,150,0,0,1,0
98,107,159,0,0,1,0
98,106,155,0,0,1,0
236,265,270,0,0,1,0
250,269,286,0,0,1,0
284,274,297,0,0,1,0
195,187,236,0,0,1,0
117,113,168,0,0,1,0
107,114,168,0,0,1,0
107,115,165,0,0,1,0
109,119,175,0,0,1,0
108,114,173,0,0,1,0
107,115,164,0,0,1,0
107,116,168,0,0,1,0
105,114,162,0,0,1,0
103,114,158,0,0,1,0
102,108,153,0,0,1,0
96,107,160,0,0,1,0
101,108,161,0,0,1,0
104,112,167,0,0,1,0
104,111,161,0,0,1,0
104,113,159,0,0,1,0
106,109,166,0,0,1,0
109,118,164,0,0,1,0
111,119,170,0,0,1,0
104,117,171,0,0,1,0
109,114,168,0,0,1,0
110,117,167,0,0,1,0
109,119,175,0,0,1,0
111,117,158,0,0,1,0
108,118,163,0,0,1,0
108,115,163,0,0,1,0
108,114,164,0,0,1,0
106,108,164,0,0,1,0
101,106,157,0,0,1,0
102,111,158,0,0,1,0
106,109,155,0,0,1,0
105,111,170,0,0,1,0
98,111,155,0,0,1,0
107,110,160,0,0,1,0
104,114,159,0,0,1,0
110,117,170,0,0,1,0
117,122,177,0,0,1,0
127,137,195,0,0,1,0
120,129,175,0,0,1,0
110,117,175,0,0,1,0
113,122,174,0,0,1,0
107,117,164,0,0,1,0
116,126,178,0,0,1,0
116,128,179,0,0,1,0
117,125,173,0,0,1,0
116,127,170,0,0,1,0
115,128,179,0,0,1,0
111,120,179,0,0,1,0
117,128,179,0,0,1,0
116,116,181,0,0,1,0
118,124,181,0,0,1,0
119,126,183,0,0,1,0
119,128,180,0,0,1,0
116,124,180,0,0,1,0
117,122,181,0,0,1,0
114,128,183,0,0,1,0
115,120,181,0,0,1,0
115,125,165,0,0,1,0
117,127,171,0,0,1,0
116,122,174,0,0,1,0
107,118,179,0,0,1,0
114,121,169,0,0,1,0
114,124,171,0,0,1,0
113,124,171,0,0,1,0
112,120,167,0,0,1,0
113,114,168,0,0,1,0
112,116,167,0,0,1,0
112,119,167,0,0,1,0
105,118,162,0,0,1,0
110,117,168,0,0,1,0
111,117,168,0,0,1,0
112,122,176,0,0,1,0
109,116,166,0,0,1,0
112,119,169,0,0,1,0
111,115,163,0,0,1,0
106,116,166,0,0,1,0
107,112,165,0,0,1,0
98,110,149,0,0,1,0
105,112,157,0,0,1,0
106,114,156,0,0,1,0
107,116,163,0,0,1,0
105,110,166,0,0,1,0
106,110,166,0,0,1,0
105,112,157,0,0,1,0
106,111,163,0,0,1,0
107,106,163,0,0,1,0
106,113,161,0,0,1,0
102,112,162,0,0,1,0
106,114,158,0,0,1,0
105,110,161,0,0,1,0
107,111,160,0,0,1,0
106,113,158,0,0,1,0
106,115,168,0,0,1,0
106,115,165,0,0,1,0
106,115,166,0,0,1,0
107,110,165,0,0,1,0
108,114,167,0,0,1,0
101,109,156,0,0,1,0
107,117,162,0,0,1,0
106,115,165,0,0,1,0
108,112,162,0,0,1,0
110,119,159,0,0,1,0
101,112,171,0,0,1,0
111,120,173,0,0,1,0
112,114,173,0,0,1,0
114,124,176,0,0,1,0
117,125,170,0,0,1,0
121,127,175,0,0,1,0
122,135,186,0,0,1,0
124,133,179,0,0,1,0
126,135,184,0,0,1,0
126,138,181,0,0,1,0
128,133,186,0,0,1,0
132,136,199,0,0,1,0
139,149,198,0,0,1,0
143,156,205,0,0,1,0
145,156,203,0,0,1,0
147,159,206,0,0,1,0
150,154,207,0,0,1,0
155,167,224,0,0,1,0
161,168,232,0,0,1,0
160,174,229,0,0,1,0
151,160,212,0,0,1,0
151,162,210,0,0,1,0
155,170,217,0,0,1,0
152,158,197,0,0,1,0
139,148,198,0,0,1,0
143,143,208,0,0,1,0
155,168,237,0,0,1,0
156,166,214,0,0,1,0
136,151,193,0,0,1,0
129,144,196,0,0,1,0
140,146,197,0,0,1,0
138,150,208,0,0,1,0
131,147,197,0,0,1,0
146,170,218,0,0,1,0
151,171,222,0,0,1,0
161,172,211,0,0,1,0
158,166,215,0,0,1,0
158,169,210,0,0,1,0
155,178,225,0,0,1,0
159,170,222,0,0,1,0
158,175,216,0,0,1,0
161,174,225,0,0,1,0
159,159,218,0,0,1,0
150,162,206,0,0,1,0
154,167,203,0,0,1,0
151,161,205,0,0,1,0
147,157,204,0,0,1,0
148,159,205,0,0,1,0
143,151,196,0,0,1,0
131,138,178,0,0,1,0
122,133,181,0,0,1,0
116,124,163,0,0,1,0
111,119,165,0,0,1,0
113,114,168,0,0,1,0
112,125,166,0,0,1,0
110,113,157,0,0,1,0
104,111,161,0,0,1,0
100,117,152,0,0,1,0
109,117,162,0,0,1,0
108,109,163,0,0,1,0
108,117,159,0,0,1,0
107,109,159,0,0,1,0
107,117,168,0,0,1,0
104,116,157,0,0,1,0
109,119,169,0,0,1,0
102,115,160,0,0,1,0
118,127,172,0,0,1,0
113,115,173,0,0,1,0
112,117,164,0,0,1,0
120,134,176,0,0,1,0
136,151,201,0,0,1,0
134,145,178,0,0,1,0
138,152,194,0,0,1,0
153,163,208,0,0,1,0
151,157,207,0,0,1,0
146,143,192,0,0,1,0
143,151,194,0,0,1,0
140,150,200,0,0,1,0
132,142,187,0,0,1,0
142,153,191,0,0,1,0
136,150,195,0,0,1,0
139,151,190,0,0,1,0
139,143,194,0,0,1,0
135,143,199,0,0,1,0
132,148,194,0,0,1,0
136,147,179,0,0,1,0
132,142,178,0,0,1,0
133,138,182,0,0,1,0
129,139,184,0,0,1,0
128,141,179,0,0,1,0
128,129,182,0,0,1,0
128,134,184,0,0,1,0
129,139,188,0,0,1,0
126,132,179,0,0,1,0
127,138,186,0,0,1,0
126,137,177,0,0,1,0
125,132,170,0,0,1,0
123,130,176,0,0,1,0
123,133,174,0,0,1,0
116,129,183,0,0,1,0
124,132,181,0,0,1,0
119,136,177,0,0,1,0
126,129,176,0,0,1,0
125,127,176,0,0,1,0
125,131,169,0,0,1,0
126,133,175,0,0,1,0
124,128,177,0,0,1,0
126,131,176,0,0,1,0
125,131,175,0,0,1,0
125,135,178,0,0,1,0
125,129,171,0,0,1,0
123,136,177,0,0,1,0
124,132,176,0,0,1,0
126,131,176,0,0,1,0
125,131,175,0,0,1,0
124,130,176,0,0,1,0
125,127,176,0,0,1,0
126,132,175,0,0,1,0
125,130,176,0,0,1,0
119,130,170,0,0,1,0
126,131,177,0,0,1,0
125,136,177,0,0,1,0
127,132,184,0,0,1,0
126,136,174,0,0,1,0
123,136,178,0,0,1,0
123,127,168,0,0,1,0
125,130,173,0,0,1,0
119,128,169,0,0,1,0
114,123,174,0,0,1,0
123,130,170,0,0,1,0
123,119,171,0,0,1,0
120,127,172,0,0,1,0
120,129,170,0,0,1,0
121,129,174,0,0,1,0
120,124,170,0,0,1,0
120,129,162,0,0,1,0
125,131,169,0,0,1,0
118,125,179,0,0,1,0
108,116,156,0,0,1,0
114,119,168,0,0,1,0
117,130,171,0,0,1,0
133,138,191,0,0,1,0
135,143,191,0,0,1,0
133,144,199,0,0,1,0
138,142,196,0,0,1,0
124,132,170,0,0,1,0
116,129,176,0,0,1,0
164,174,229,0,0,1,0
187,195,242,0,0,1,0
150,156,189,0,0,1,0
118,126,173,0,0,1,0
118,126,181,0,0,1,0
167,190,227,0,0,1,0
195,212,239,0,0,1,0
145,151,188,0,0,1,0
126,134,168,0,0,1,0
114,122,164,0,0,1,0
126,146,197,0,0,1,0
138,158,202,0,0,1,0
150,156,193,0,0,1,0
128,131,180,0,0,1,0
109,118,176,0,0,1,0
112,119,165,0,0,1,0
118,127,174,0,0,1,0
127,141,196,0,0,1,0
162,164,211,0,0,1,0
129,134,176,0,0,1,0
113,117,167,0,0,1,0
107,117,171,0,0,1,0
111,117,167,0,0,1,0
127,137,189,0,0,1,0
124,138,173,0,0,1,0
127,135,179,0,0,1,0
113,123,174,0,0,1,0
110,117,169,0,0,1,0
114,120,165,0,0,1,0
119,124,169,0,0,1,0
118,125,164,0,0,1,0
105,117,157,0,0,1,0
112,119,174,0,0,1,0
118,126,176,0,0,1,0
132,146,184,0,0,1,0
134,148,185,0,0,1,0
128,136,175,0,0,1,0
115,124,172,0,0,1,0
119,127,176,0,0,1,0
118,132,172,0,0,1,0
123,133,164,0,0,1,0
125,130,175,0,0,1,0
129,133,181,0,0,1,0
130,137,178,0,0,1,0
118,119,168,0,0,1,0
120,122,166,0,0,1,0
136,148,188,0,0,1,0
155,165,211,0,0,1,0
156,162,203,0,0,1,0
157,165,202,0,0,1,0
144,155,200,0,0,1,0
147,156,194,0,0,1,0
141,157,194,0,0,1,0
149,163,200,0,0,1,0
150,162,202,0,0,1,0
150,160,200,0,0,1,0
152,167,202,0,0,1,0
140,137,184,0,0,1,0
131,138,169,0,0,1,0
131,131,172,0,0,1,0
119,120,160,0,0,1,0
107,109,160,0,0,1,0
108,112,155,0,0,1,0
122,130,177,0,0,1,0
136,142,187,0,0,1,0
143,156,196,0,0,1,0
144,162,200,0,0,1,0
150,154,206,0,0,1,0
141,140,190,0,0,1,0
116,122,167,0,0,1,0
107,113,149,0,0,1,0
107,115,164,0,0,1,0
107,104,157,0,0,1,0
106,109,158,0,0,1,0
101,109,165,0,0,1,0
109,115,161,0,0,1,0
107,113,161,0,0,1,0
108,116,159,0,0,1,0
109,116,159,0,0,1,0
110,113,167,0,0,1,0
102,114,167,0,0,1,0
110,113,165,0,0,1,0
116,125,178,0,0,1,0
156,165,208,0,0,1,0
171,184,222,0,0,1,0
179,195,237,0,0,1,0
167,174,207,0,0,1,0
134,141,177,0,0,1,0
114,109,157,0,0,1,0
106,109,154,0,0,1,0
109,114,160,0,0,1,0
112,120,177,0,0,1,0
111,112,165,0,0,1,0
111,117,171,0,0,1,0
116,123,169,0,0,1,0
131,140,183,0,0,1,0
128,130,173,0,0,1,0
108,111,150,0,0,1,0
105,108,152,0,0,1,0
105,103,145,0,0,1,0
105,109,151,0,0,1,0
104,108,154,0,0,1,0
104,112,151,0,0,1,0
106,110,160,0,0,1,0
100,110,164,0,0,1,0
109,112,163,0,0,1,0
129,139,180,0,0,1,0
138,143,188,0,0,1,0
141,147,194,0,0,1,0
145,146,194,0,0,1,0
122,125,170,0,0,1,0
108,109,154,0,0,1,0
108,110,153,0,0,1,0
110,114,170,0,0,1,0
127,135,175,0,0,1,0
132,132,178,0,0,1,0
132,138,184,0,0,1,0
115,124,160,0,0,1,0
114,120,161,0,0,1,0
106,112,157,0,0,1,0
105,108,151,0,0,1,0
104,108,147,0,0,1,0
105,110,159,0,0,1,0
104,108,153,0,0,1,0
107,109,157,0,0,1,0
108,118,159,0,0,1,0
107,110,155,0,0,1,0
110,111,152,0,0,1,0
108,115,158,0,0,1,0
106,114,158,0,0,1,0
105,114,161,0,0,1,0
102,108,153,0,0,1,0
107,109,156,0,0,1,0
105,99,149,0,0,1,0
106,108,161,0,0,1,0
106,115,154,0,0,1,0
109,113,162,0,0,1,0
108,114,151,0,0,1,0
107,114,153,0,0,1,0
106,111,152,0,0,1,0
109,116,160,0,0,1,0
106,114,153,0,0,1,0
105,107,158,0,0,1,0
102,108,151,0,0,1,0
106,112,158,0,0,1,0
110,106,157,0,0,1,0
111,115,153,0,0,1,0
108,107,153,0,0,1,0
103,105,154,0,0,1,0
99,102,143,0,0,1,0
103,107,159,0,0,1,0
105,106,148,0,0,1,0
107,112,151,0,0,1,0
109,114,155,0,0,1,0
108,113,157,0,0,1,0
110,115,149,0,0,1,0
109,116,156,0,0,1,0
107,113,158,0,0,1,0
106,109,158,0,0,1,0
114,127,163,0,0,1,0
119,116,162,0,0,1,0
118,119,164,0,0,1,0
121,130,168,0,0,1,0
116,119,171,0,0,1,0
113,115,163,0,0,1,0
108,112,160,0,0,1,0
108,112,165,0,0,1,0
104,111,168,0,0,1,0
112,120,169,0,0,1,0
119,130,178,0,0,1,0
120,121,181,0,0,1,0
113,119,169,0,0,1,0
113,119,166,0,0,1,0
110,112,163,0,0,1,0
111,113,161,0,0,1,0
111,117,162,0,0,1,0
110,118,164,0,0,1,0
116,124,168,0,0,1,0
124,133,172,0,0,1,0
122,128,169,0,0,1,0
118,123,177,0,0,1,0
110,115,155,0,0,1,0
105,114,164,0,0,1,0
111,118,162,0,0,1,0
109,125,164,0,0,1,0
122,127,177,0,0,1,0
127,131,174,0,0,1,0
112,122,164,0,0,1,0
113,121,172,0,0,1,0
111,120,178,0,0,1,0
116,121,172,0,0,1,0
120,131,180,0,0,1,0
136,142,191,0,0,1,0
127,133,178,0,0,1,0
116,119,172,0,0,1,0
115,118,174,0,0,1,0
108,106,158,0,0,1,0
109,113,162,0,0,1,0
118,123,168,0,0,1,0
126,133,179,0,0,1,0
122,123,173,0,0,1,0
115,122,167,0,0,1,0
105,105,153,0,0,1,0
102,110,154,0,0,1,0
103,111,161,0,0,1,0
104,112,163,0,0,1,0
110,117,162,0,0,1,0
112,120,165,0,0,1,0
116,118,164,0,0,1,0
115,120,171,0,0,1,0
114,117,170,0,0,1,0
116,114,167,0,0,1,0
117,124,176,0,0,1,0
118,123,183,0,0,1,0
121,129,166,0,0,1,0
117,127,184,0,0,1,0
108,118,172,0,0,1,0
114,117,164,0,0,1,0
104,116,171,0,0,1,0
109,116,164,0,0,1,0
111,118,164,0,0,1,0
113,119,166,0,0,1,0
113,119,170,0,0,1,0
